game_id,away_team_id,away_team_name,home_team_id,home_team_name,batting_team,inning,top_bot,event_text,event_num,game_datetime,stadium_name,attendance,sport_id,season
6486178,615024,Clark Atlanta Panthers,614997,Savannah St. Tigers,615024,1,top,A. Leonard hit by pitch.,1,2026-02-14 10:00:00-05:00,"Tiger Field (Savannah, GA)",62,MBA,2026
6486178,615024,Clark Atlanta Panthers,614997,Savannah St. Tigers,615024,1,top,A. Salaazar singled to right field; A. Leonard advanced to second.,2,2026-02-14 10:00:00-05:00,"Tiger Field (Savannah, GA)",62,MBA,2026
6486178,615024,Clark Atlanta Panthers,614997,Savannah St. Tigers,615024,1,top,A. Salaazar stole second; A. Leonard stole third.,3,2026-02-14 10:00:00-05:00,"Tiger Field (Savannah, GA)",62,MBA,2026
6486178,615024,Clark Atlanta Panthers,614997,Savannah St. Tigers,615024,1,top,Z. Dawson grounded out to 3b.,4,2026-02-14 10:00:00-05:00,"Tiger Field (Savannah, GA)",62,MBA,2026
6486178,615024,Clark Atlanta Panthers,614997,Savannah St. Tigers,615024,1,top,"J. Johnson grounded out to 3b, RBI; A. Salaazar advanced to third; A. Leonard scored.",5,2026-02-14 10:00:00-05:00,"Tiger Field (Savannah, GA)",62,MBA,2026
6486178,615024,Clark Atlanta Panthers,614997,Savannah St. Tigers,615024,1,top,M. Hawkins flied out to rf.,6,2026-02-14 10:00:00-05:00,"Tiger Field (Savannah, GA)",62,MBA,2026
6486178,615024,Clark Atlanta Panthers,614997,Savannah St. Tigers,614997,1,bot,J. Clark struck out swinging.,7,2026-02-14 10:00:00-05:00,"Tiger Field (Savannah, GA)",62,MBA,2026
6486178,615024,Clark Atlanta Panthers,614997,Savannah St. Tigers,614997,1,bot,J. Sandoval walked.,8,2026-02-14 10:00:00-05:00,"Tiger Field (Savannah, GA)",62,MBA,2026
6486178,615024,Clark Atlanta Panthers,614997,Savannah St. Tigers,614997,1,bot,Y. Cartaya singled to center field; J. Sandoval advanced to third.,9,2026-02-14 10:00:00-05:00,"Tiger Field (Savannah, GA)",62,MBA,2026
6486178,615024,Clark Atlanta Panthers,614997,Savannah St. Tigers,614997,1,bot,"K. Stephens flied out to cf, sacrifice fly, RBI; J. Sandoval scored.",10,2026-02-14 10:00:00-05:00,"Tiger Field (Savannah, GA)",62,MBA,2026
6486178,615024,Clark Atlanta Panthers,614997,Savannah St. Tigers,614997,1,bot,Y. Cartaya stole second.,11,2026-02-14 10:00:00-05:00,"Tiger Field (Savannah, GA)",62,MBA,2026
6486178,615024,Clark Atlanta Panthers,614997,Savannah St. Tigers,614997,1,bot,C. Hicks walked.,12,2026-02-14 10:00:00-05:00,"Tiger Field (Savannah, GA)",62,MBA,2026
6486178,615024,Clark Atlanta Panthers,614997,Savannah St. Tigers,614997,1,bot,"J. Ramos doubled to center field, RBI; C. Hicks advanced to third; Y. Cartaya scored.",13,2026-02-14 10:00:00-05:00,"Tiger Field (Savannah, GA)",62,MBA,2026
6486178,615024,Clark Atlanta Panthers,614997,Savannah St. Tigers,614997,1,bot,K. Claringto struck out looking.,14,2026-02-14 10:00:00-05:00,"Tiger Field (Savannah, GA)",62,MBA,2026
6486178,615024,Clark Atlanta Panthers,614997,Savannah St. Tigers,615024,2,top,C. Allen grounded out to c.,15,2026-02-14 10:00:00-05:00,"Tiger Field (Savannah, GA)",62,MBA,2026
6486178,615024,Clark Atlanta Panthers,614997,Savannah St. Tigers,615024,2,top,A. Robinson struck out swinging.,16,2026-02-14 10:00:00-05:00,"Tiger Field (Savannah, GA)",62,MBA,2026
6486178,615024,Clark Atlanta Panthers,614997,Savannah St. Tigers,615024,2,top,T. Dunn struck out swinging.,17,2026-02-14 10:00:00-05:00,"Tiger Field (Savannah, GA)",62,MBA,2026
6486178,615024,Clark Atlanta Panthers,614997,Savannah St. Tigers,614997,2,bot,G. Jusino singled to center field.,18,2026-02-14 10:00:00-05:00,"Tiger Field (Savannah, GA)",62,MBA,2026
6486178,615024,Clark Atlanta Panthers,614997,Savannah St. Tigers,614997,2,bot,J. Grier singled to left field; G. Jusino advanced to third.,19,2026-02-14 10:00:00-05:00,"Tiger Field (Savannah, GA)",62,MBA,2026
6486178,615024,Clark Atlanta Panthers,614997,Savannah St. Tigers,614997,2,bot,"J. Clark grounded out to 2b, RBI; J. Grier advanced to second; G. Jusino scored.",20,2026-02-14 10:00:00-05:00,"Tiger Field (Savannah, GA)",62,MBA,2026
6486178,615024,Clark Atlanta Panthers,614997,Savannah St. Tigers,614997,2,bot,J. Sandoval grounded out to 2b; J. Grier advanced to third.,21,2026-02-14 10:00:00-05:00,"Tiger Field (Savannah, GA)",62,MBA,2026
6486178,615024,Clark Atlanta Panthers,614997,Savannah St. Tigers,614997,2,bot,Y. Cartaya flied out to cf.,22,2026-02-14 10:00:00-05:00,"Tiger Field (Savannah, GA)",62,MBA,2026
6486178,615024,Clark Atlanta Panthers,614997,Savannah St. Tigers,615024,3,top,W. Noel grounded out to 3b.,23,2026-02-14 10:00:00-05:00,"Tiger Field (Savannah, GA)",62,MBA,2026
6486178,615024,Clark Atlanta Panthers,614997,Savannah St. Tigers,615024,3,top,A. Leonard flied out to rf.,24,2026-02-14 10:00:00-05:00,"Tiger Field (Savannah, GA)",62,MBA,2026
6486178,615024,Clark Atlanta Panthers,614997,Savannah St. Tigers,615024,3,top,A. Salaazar struck out swinging.,25,2026-02-14 10:00:00-05:00,"Tiger Field (Savannah, GA)",62,MBA,2026
6486178,615024,Clark Atlanta Panthers,614997,Savannah St. Tigers,614997,3,bot,K. Stephens walked.,26,2026-02-14 10:00:00-05:00,"Tiger Field (Savannah, GA)",62,MBA,2026
6486178,615024,Clark Atlanta Panthers,614997,Savannah St. Tigers,614997,3,bot,K. Stephens stole second.,27,2026-02-14 10:00:00-05:00,"Tiger Field (Savannah, GA)",62,MBA,2026
6486178,615024,Clark Atlanta Panthers,614997,Savannah St. Tigers,614997,3,bot,C. Hicks singled to shortstop; K. Stephens advanced to third.,28,2026-02-14 10:00:00-05:00,"Tiger Field (Savannah, GA)",62,MBA,2026
6486178,615024,Clark Atlanta Panthers,614997,Savannah St. Tigers,614997,3,bot,"J. Ramos singled, bunt, RBI; C. Hicks advanced to second; K. Stephens scored.",29,2026-02-14 10:00:00-05:00,"Tiger Field (Savannah, GA)",62,MBA,2026
6486178,615024,Clark Atlanta Panthers,614997,Savannah St. Tigers,614997,3,bot,K. Claringto popped into double play p; C. Hicks out on the play.,30,2026-02-14 10:00:00-05:00,"Tiger Field (Savannah, GA)",62,MBA,2026
6486178,615024,Clark Atlanta Panthers,614997,Savannah St. Tigers,614997,3,bot,J. Ramos stole second.,31,2026-02-14 10:00:00-05:00,"Tiger Field (Savannah, GA)",62,MBA,2026
6486178,615024,Clark Atlanta Panthers,614997,Savannah St. Tigers,614997,3,bot,G. Jusino walked.,32,2026-02-14 10:00:00-05:00,"Tiger Field (Savannah, GA)",62,MBA,2026
6486178,615024,Clark Atlanta Panthers,614997,Savannah St. Tigers,614997,3,bot,G. Jusino advanced to second on a wild pitch; J. Ramos advanced to third on a wild pitch.,33,2026-02-14 10:00:00-05:00,"Tiger Field (Savannah, GA)",62,MBA,2026
6486178,615024,Clark Atlanta Panthers,614997,Savannah St. Tigers,614997,3,bot,G. Jusino advanced to third on a wild pitch; J. Ramos scored on a wild pitch.,34,2026-02-14 10:00:00-05:00,"Tiger Field (Savannah, GA)",62,MBA,2026
6486178,615024,Clark Atlanta Panthers,614997,Savannah St. Tigers,614997,3,bot,J. Grier walked.,35,2026-02-14 10:00:00-05:00,"Tiger Field (Savannah, GA)",62,MBA,2026
6486178,615024,Clark Atlanta Panthers,614997,Savannah St. Tigers,614997,3,bot,"J. Clark singled to left field, RBI; J. Grier advanced to second; G. Jusino scored.",36,2026-02-14 10:00:00-05:00,"Tiger Field (Savannah, GA)",62,MBA,2026
6486178,615024,Clark Atlanta Panthers,614997,Savannah St. Tigers,614997,3,bot,J. Sandoval grounded out to p.,37,2026-02-14 10:00:00-05:00,"Tiger Field (Savannah, GA)",62,MBA,2026
6486178,615024,Clark Atlanta Panthers,614997,Savannah St. Tigers,615024,4,top,Z. Dawson popped up to 3b.,38,2026-02-14 10:00:00-05:00,"Tiger Field (Savannah, GA)",62,MBA,2026
6486178,615024,Clark Atlanta Panthers,614997,Savannah St. Tigers,615024,4,top,J. Johnson struck out swinging.,39,2026-02-14 10:00:00-05:00,"Tiger Field (Savannah, GA)",62,MBA,2026
6486178,615024,Clark Atlanta Panthers,614997,Savannah St. Tigers,615024,4,top,M. Hawkins flied out to rf.,40,2026-02-14 10:00:00-05:00,"Tiger Field (Savannah, GA)",62,MBA,2026
6486178,615024,Clark Atlanta Panthers,614997,Savannah St. Tigers,614997,4,bot,Y. Cartaya fouled out to 2b.,41,2026-02-14 10:00:00-05:00,"Tiger Field (Savannah, GA)",62,MBA,2026
6486178,615024,Clark Atlanta Panthers,614997,Savannah St. Tigers,614997,4,bot,K. Stephens grounded out to p.,42,2026-02-14 10:00:00-05:00,"Tiger Field (Savannah, GA)",62,MBA,2026
6486178,615024,Clark Atlanta Panthers,614997,Savannah St. Tigers,614997,4,bot,C. Hicks singled to right field.,43,2026-02-14 10:00:00-05:00,"Tiger Field (Savannah, GA)",62,MBA,2026
6486178,615024,Clark Atlanta Panthers,614997,Savannah St. Tigers,614997,4,bot,J. Ramos flied out to rf.,44,2026-02-14 10:00:00-05:00,"Tiger Field (Savannah, GA)",62,MBA,2026
6486178,615024,Clark Atlanta Panthers,614997,Savannah St. Tigers,615024,5,top,C. Allen popped up to 2b.,45,2026-02-14 10:00:00-05:00,"Tiger Field (Savannah, GA)",62,MBA,2026
6486178,615024,Clark Atlanta Panthers,614997,Savannah St. Tigers,615024,5,top,A. Robinson grounded out to p.,46,2026-02-14 10:00:00-05:00,"Tiger Field (Savannah, GA)",62,MBA,2026
6486178,615024,Clark Atlanta Panthers,614997,Savannah St. Tigers,615024,5,top,T. Dunn struck out swinging.,47,2026-02-14 10:00:00-05:00,"Tiger Field (Savannah, GA)",62,MBA,2026
6486178,615024,Clark Atlanta Panthers,614997,Savannah St. Tigers,614997,5,bot,K. Claringto singled to center field.,48,2026-02-14 10:00:00-05:00,"Tiger Field (Savannah, GA)",62,MBA,2026
6486178,615024,Clark Atlanta Panthers,614997,Savannah St. Tigers,614997,5,bot,G. Jusino fouled out to rf.,49,2026-02-14 10:00:00-05:00,"Tiger Field (Savannah, GA)",62,MBA,2026
6486178,615024,Clark Atlanta Panthers,614997,Savannah St. Tigers,614997,5,bot,"K. Claringto advanced to second on an error by p, advanced to third.",50,2026-02-14 10:00:00-05:00,"Tiger Field (Savannah, GA)",62,MBA,2026
6486178,615024,Clark Atlanta Panthers,614997,Savannah St. Tigers,614997,5,bot,"J. Grier grounded out to ss, RBI; K. Claringto scored.",51,2026-02-14 10:00:00-05:00,"Tiger Field (Savannah, GA)",62,MBA,2026
6486178,615024,Clark Atlanta Panthers,614997,Savannah St. Tigers,614997,5,bot,J. Clark flied out to cf.,52,2026-02-14 10:00:00-05:00,"Tiger Field (Savannah, GA)",62,MBA,2026
6486178,615024,Clark Atlanta Panthers,614997,Savannah St. Tigers,615024,6,top,W. Noel grounded out to 3b.,53,2026-02-14 10:00:00-05:00,"Tiger Field (Savannah, GA)",62,MBA,2026
6486178,615024,Clark Atlanta Panthers,614997,Savannah St. Tigers,615024,6,top,A. Leonard grounded out to c.,54,2026-02-14 10:00:00-05:00,"Tiger Field (Savannah, GA)",62,MBA,2026
6486178,615024,Clark Atlanta Panthers,614997,Savannah St. Tigers,615024,6,top,A. Salaazar grounded out to ss.,55,2026-02-14 10:00:00-05:00,"Tiger Field (Savannah, GA)",62,MBA,2026
6486178,615024,Clark Atlanta Panthers,614997,Savannah St. Tigers,614997,6,bot,J. Lewis to p for J. Allen.,56,2026-02-14 10:00:00-05:00,"Tiger Field (Savannah, GA)",62,MBA,2026
6486178,615024,Clark Atlanta Panthers,614997,Savannah St. Tigers,614997,6,bot,J. Sandoval popped up to ss.,57,2026-02-14 10:00:00-05:00,"Tiger Field (Savannah, GA)",62,MBA,2026
6486178,615024,Clark Atlanta Panthers,614997,Savannah St. Tigers,614997,6,bot,Y. Cartaya lined out to ss.,58,2026-02-14 10:00:00-05:00,"Tiger Field (Savannah, GA)",62,MBA,2026
6486178,615024,Clark Atlanta Panthers,614997,Savannah St. Tigers,614997,6,bot,K. Stephens grounded out to p.,59,2026-02-14 10:00:00-05:00,"Tiger Field (Savannah, GA)",62,MBA,2026
6486178,615024,Clark Atlanta Panthers,614997,Savannah St. Tigers,615024,7,top,Z. Dawson walked.,60,2026-02-14 10:00:00-05:00,"Tiger Field (Savannah, GA)",62,MBA,2026
6486178,615024,Clark Atlanta Panthers,614997,Savannah St. Tigers,615024,7,top,J. Johnson singled to left field; Z. Dawson advanced to second.,61,2026-02-14 10:00:00-05:00,"Tiger Field (Savannah, GA)",62,MBA,2026
6486178,615024,Clark Atlanta Panthers,614997,Savannah St. Tigers,615024,7,top,M. Hawkins flied out to lf; Z. Dawson advanced to third.,62,2026-02-14 10:00:00-05:00,"Tiger Field (Savannah, GA)",62,MBA,2026
6486178,615024,Clark Atlanta Panthers,614997,Savannah St. Tigers,615024,7,top,"C. Allen grounded out to 3b, RBI; J. Johnson advanced to second; Z. Dawson scored.",63,2026-02-14 10:00:00-05:00,"Tiger Field (Savannah, GA)",62,MBA,2026
6486178,615024,Clark Atlanta Panthers,614997,Savannah St. Tigers,615024,7,top,A. Robinson fouled out to 3b.,64,2026-02-14 10:00:00-05:00,"Tiger Field (Savannah, GA)",62,MBA,2026
6486178,615024,Clark Atlanta Panthers,614997,Savannah St. Tigers,614997,7,bot,C. Hicks singled.,65,2026-02-14 10:00:00-05:00,"Tiger Field (Savannah, GA)",62,MBA,2026
6486178,615024,Clark Atlanta Panthers,614997,Savannah St. Tigers,614997,7,bot,N. Rodriguez pinch ran for C. Hicks.,66,2026-02-14 10:00:00-05:00,"Tiger Field (Savannah, GA)",62,MBA,2026
6486178,615024,Clark Atlanta Panthers,614997,Savannah St. Tigers,614997,7,bot,N. Rodriguez advanced to second on a wild pitch.,67,2026-02-14 10:00:00-05:00,"Tiger Field (Savannah, GA)",62,MBA,2026
6486178,615024,Clark Atlanta Panthers,614997,Savannah St. Tigers,614997,7,bot,J. Ramos walked.,68,2026-02-14 10:00:00-05:00,"Tiger Field (Savannah, GA)",62,MBA,2026
6486178,615024,Clark Atlanta Panthers,614997,Savannah St. Tigers,614997,7,bot,K. Claringto walked; J. Ramos advanced to second; N. Rodriguez advanced to third.,69,2026-02-14 10:00:00-05:00,"Tiger Field (Savannah, GA)",62,MBA,2026
6486178,615024,Clark Atlanta Panthers,614997,Savannah St. Tigers,614997,7,bot,"G. Jusino walked, RBI; K. Claringto advanced to second; J. Ramos advanced to third; N. Rodriguez scored.",70,2026-02-14 10:00:00-05:00,"Tiger Field (Savannah, GA)",62,MBA,2026
6486178,615024,Clark Atlanta Panthers,614997,Savannah St. Tigers,614997,7,bot,J. Grier flied out to rf.,71,2026-02-14 10:00:00-05:00,"Tiger Field (Savannah, GA)",62,MBA,2026
6486178,615024,Clark Atlanta Panthers,614997,Savannah St. Tigers,614997,7,bot,"J. Clark walked, RBI; G. Jusino advanced to second; K. Claringto advanced to third; J. Ramos scored.",72,2026-02-14 10:00:00-05:00,"Tiger Field (Savannah, GA)",62,MBA,2026
6486178,615024,Clark Atlanta Panthers,614997,Savannah St. Tigers,614997,7,bot,"J. Sandoval walked, RBI; J. Clark advanced to second; G. Jusino advanced to third; K. Claringto scored.",73,2026-02-14 10:00:00-05:00,"Tiger Field (Savannah, GA)",62,MBA,2026
6486178,615024,Clark Atlanta Panthers,614997,Savannah St. Tigers,614997,7,bot,Y. Cartaya fouled out to 1b.,74,2026-02-14 10:00:00-05:00,"Tiger Field (Savannah, GA)",62,MBA,2026
6486178,615024,Clark Atlanta Panthers,614997,Savannah St. Tigers,614997,7,bot,"K. Stephens singled to third base, RBI; J. Sandoval advanced to second; J. Clark advanced to third; G. Jusino scored.",75,2026-02-14 10:00:00-05:00,"Tiger Field (Savannah, GA)",62,MBA,2026
6486178,615024,Clark Atlanta Panthers,614997,Savannah St. Tigers,614997,7,bot,K. Stephens advanced to second; J. Sandoval advanced to third; J. Clark scored on a wild pitch.,76,2026-02-14 10:00:00-05:00,"Tiger Field (Savannah, GA)",62,MBA,2026
6510602,615036,Franklin Pierce Ravens,615054,Mercy Mavericks,615036,1,top,J. Acker struck out.,1,2026-02-14 10:00:00-05:00,"Cary, NC",25,MBA,2026
6510602,615036,Franklin Pierce Ravens,615054,Mercy Mavericks,615036,1,top,I. Arias singled.,2,2026-02-14 10:00:00-05:00,"Cary, NC",25,MBA,2026
6510602,615036,Franklin Pierce Ravens,615054,Mercy Mavericks,615036,1,top,C. Boyd walked; I. Arias advanced to second.,3,2026-02-14 10:00:00-05:00,"Cary, NC",25,MBA,2026
6510602,615036,Franklin Pierce Ravens,615054,Mercy Mavericks,615036,1,top,A. Boglis reached on a fielder's choice; C. Boyd out at second 2b to ss; I. Arias advanced to third.,4,2026-02-14 10:00:00-05:00,"Cary, NC",25,MBA,2026
6510602,615036,Franklin Pierce Ravens,615054,Mercy Mavericks,615036,1,top,C. Hoffman reached on a fielder's choice; A. Boglis out at second ss to 2b.,5,2026-02-14 10:00:00-05:00,"Cary, NC",25,MBA,2026
6510602,615036,Franklin Pierce Ravens,615054,Mercy Mavericks,615054,1,bot,D. Koch struck out.,6,2026-02-14 10:00:00-05:00,"Cary, NC",25,MBA,2026
6510602,615036,Franklin Pierce Ravens,615054,Mercy Mavericks,615054,1,bot,G. Savoca flied out to p.,7,2026-02-14 10:00:00-05:00,"Cary, NC",25,MBA,2026
6510602,615036,Franklin Pierce Ravens,615054,Mercy Mavericks,615054,1,bot,J. Nisco grounded out to 1b unassisted.,8,2026-02-14 10:00:00-05:00,"Cary, NC",25,MBA,2026
6510602,615036,Franklin Pierce Ravens,615054,Mercy Mavericks,615036,2,top,A. Dadinos grounded out to 2b.,9,2026-02-14 10:00:00-05:00,"Cary, NC",25,MBA,2026
6510602,615036,Franklin Pierce Ravens,615054,Mercy Mavericks,615036,2,top,B. Tetler struck out.,10,2026-02-14 10:00:00-05:00,"Cary, NC",25,MBA,2026
6510602,615036,Franklin Pierce Ravens,615054,Mercy Mavericks,615036,2,top,E. Blake struck out.,11,2026-02-14 10:00:00-05:00,"Cary, NC",25,MBA,2026
6510602,615036,Franklin Pierce Ravens,615054,Mercy Mavericks,615054,2,bot,Z. Ashline grounded out to ss.,12,2026-02-14 10:00:00-05:00,"Cary, NC",25,MBA,2026
6510602,615036,Franklin Pierce Ravens,615054,Mercy Mavericks,615054,2,bot,"Bernard, Jr struck out.",13,2026-02-14 10:00:00-05:00,"Cary, NC",25,MBA,2026
6510602,615036,Franklin Pierce Ravens,615054,Mercy Mavericks,615054,2,bot,S. McAdams grounded out to ss.,14,2026-02-14 10:00:00-05:00,"Cary, NC",25,MBA,2026
6510602,615036,Franklin Pierce Ravens,615054,Mercy Mavericks,615036,3,top,J. Roque flied out to cf.,15,2026-02-14 10:00:00-05:00,"Cary, NC",25,MBA,2026
6510602,615036,Franklin Pierce Ravens,615054,Mercy Mavericks,615036,3,top,J. Acker grounded out to p.,16,2026-02-14 10:00:00-05:00,"Cary, NC",25,MBA,2026
6510602,615036,Franklin Pierce Ravens,615054,Mercy Mavericks,615036,3,top,I. Arias singled.,17,2026-02-14 10:00:00-05:00,"Cary, NC",25,MBA,2026
6510602,615036,Franklin Pierce Ravens,615054,Mercy Mavericks,615036,3,top,C. Boyd struck out looking.,18,2026-02-14 10:00:00-05:00,"Cary, NC",25,MBA,2026
6510602,615036,Franklin Pierce Ravens,615054,Mercy Mavericks,615054,3,bot,K. Engmann popped up to 3b.,19,2026-02-14 10:00:00-05:00,"Cary, NC",25,MBA,2026
6510602,615036,Franklin Pierce Ravens,615054,Mercy Mavericks,615054,3,bot,C. Ruland struck out looking.,20,2026-02-14 10:00:00-05:00,"Cary, NC",25,MBA,2026
6510602,615036,Franklin Pierce Ravens,615054,Mercy Mavericks,615054,3,bot,K. Goins singled.,21,2026-02-14 10:00:00-05:00,"Cary, NC",25,MBA,2026
6510602,615036,Franklin Pierce Ravens,615054,Mercy Mavericks,615054,3,bot,D. Koch singled; K. Goins advanced to third.,22,2026-02-14 10:00:00-05:00,"Cary, NC",25,MBA,2026
6510602,615036,Franklin Pierce Ravens,615054,Mercy Mavericks,615054,3,bot,G. Savoca struck out.,23,2026-02-14 10:00:00-05:00,"Cary, NC",25,MBA,2026
6510602,615036,Franklin Pierce Ravens,615054,Mercy Mavericks,615036,4,top,A. Boglis reached first on an error by lf.,24,2026-02-14 10:00:00-05:00,"Cary, NC",25,MBA,2026
6510602,615036,Franklin Pierce Ravens,615054,Mercy Mavericks,615036,4,top,C. Hoffman struck out.,25,2026-02-14 10:00:00-05:00,"Cary, NC",25,MBA,2026
6510602,615036,Franklin Pierce Ravens,615054,Mercy Mavericks,615036,4,top,A. Dadinos popped up to 3b.,26,2026-02-14 10:00:00-05:00,"Cary, NC",25,MBA,2026
6510602,615036,Franklin Pierce Ravens,615054,Mercy Mavericks,615036,4,top,B. Tetler walked; A. Boglis advanced to second.,27,2026-02-14 10:00:00-05:00,"Cary, NC",25,MBA,2026
6510602,615036,Franklin Pierce Ravens,615054,Mercy Mavericks,615036,4,top,E. Blake struck out.,28,2026-02-14 10:00:00-05:00,"Cary, NC",25,MBA,2026
6510602,615036,Franklin Pierce Ravens,615054,Mercy Mavericks,615054,4,bot,J. Nisco struck out.,29,2026-02-14 10:00:00-05:00,"Cary, NC",25,MBA,2026
6510602,615036,Franklin Pierce Ravens,615054,Mercy Mavericks,615054,4,bot,Z. Ashline popped up to ss.,30,2026-02-14 10:00:00-05:00,"Cary, NC",25,MBA,2026
6510602,615036,Franklin Pierce Ravens,615054,Mercy Mavericks,615054,4,bot,"Bernard, Jr grounded out to ss.",31,2026-02-14 10:00:00-05:00,"Cary, NC",25,MBA,2026
6510602,615036,Franklin Pierce Ravens,615054,Mercy Mavericks,615036,5,top,J. Roque singled.,32,2026-02-14 10:00:00-05:00,"Cary, NC",25,MBA,2026
6510602,615036,Franklin Pierce Ravens,615054,Mercy Mavericks,615036,5,top,J. Acker grounded into double play ss to 2b to 1b; J. Roque out on the play.,33,2026-02-14 10:00:00-05:00,"Cary, NC",25,MBA,2026
6510602,615036,Franklin Pierce Ravens,615054,Mercy Mavericks,615036,5,top,I. Arias grounded out to ss.,34,2026-02-14 10:00:00-05:00,"Cary, NC",25,MBA,2026
6510602,615036,Franklin Pierce Ravens,615054,Mercy Mavericks,615054,5,bot,S. McAdams singled.,35,2026-02-14 10:00:00-05:00,"Cary, NC",25,MBA,2026
6510602,615036,Franklin Pierce Ravens,615054,Mercy Mavericks,615054,5,bot,K. Engmann popped up to 3b.,36,2026-02-14 10:00:00-05:00,"Cary, NC",25,MBA,2026
6510602,615036,Franklin Pierce Ravens,615054,Mercy Mavericks,615054,5,bot,C. Ruland grounded out to ss; S. McAdams advanced to second.,37,2026-02-14 10:00:00-05:00,"Cary, NC",25,MBA,2026
6510602,615036,Franklin Pierce Ravens,615054,Mercy Mavericks,615054,5,bot,K. Goins walked.,38,2026-02-14 10:00:00-05:00,"Cary, NC",25,MBA,2026
6510602,615036,Franklin Pierce Ravens,615054,Mercy Mavericks,615054,5,bot,D. Koch reached on a fielder's choice; K. Goins out at second ss to 2b; S. McAdams advanced to third.,39,2026-02-14 10:00:00-05:00,"Cary, NC",25,MBA,2026
6510602,615036,Franklin Pierce Ravens,615054,Mercy Mavericks,615036,6,top,C. Boyd struck out.,40,2026-02-14 10:00:00-05:00,"Cary, NC",25,MBA,2026
6510602,615036,Franklin Pierce Ravens,615054,Mercy Mavericks,615036,6,top,A. Boglis doubled.,41,2026-02-14 10:00:00-05:00,"Cary, NC",25,MBA,2026
6510602,615036,Franklin Pierce Ravens,615054,Mercy Mavericks,615036,6,top,C. Hoffman flied out to rf.,42,2026-02-14 10:00:00-05:00,"Cary, NC",25,MBA,2026
6510602,615036,Franklin Pierce Ravens,615054,Mercy Mavericks,615036,6,top,A. Dadinos flied out to cf.,43,2026-02-14 10:00:00-05:00,"Cary, NC",25,MBA,2026
6510602,615036,Franklin Pierce Ravens,615054,Mercy Mavericks,615054,6,bot,G. Savoca singled.,44,2026-02-14 10:00:00-05:00,"Cary, NC",25,MBA,2026
6510602,615036,Franklin Pierce Ravens,615054,Mercy Mavericks,615054,6,bot,J. Nisco flied out to rf.,45,2026-02-14 10:00:00-05:00,"Cary, NC",25,MBA,2026
6510602,615036,Franklin Pierce Ravens,615054,Mercy Mavericks,615054,6,bot,Z. Ashline flied out to cf.,46,2026-02-14 10:00:00-05:00,"Cary, NC",25,MBA,2026
6510602,615036,Franklin Pierce Ravens,615054,Mercy Mavericks,615054,6,bot,G. Savoca advanced to second on a wild pitch.,47,2026-02-14 10:00:00-05:00,"Cary, NC",25,MBA,2026
6510602,615036,Franklin Pierce Ravens,615054,Mercy Mavericks,615054,6,bot,"Bernard, Jr walked.",48,2026-02-14 10:00:00-05:00,"Cary, NC",25,MBA,2026
6510602,615036,Franklin Pierce Ravens,615054,Mercy Mavericks,615054,6,bot,S. McAdams grounded out to 3b.,49,2026-02-14 10:00:00-05:00,"Cary, NC",25,MBA,2026
6510602,615036,Franklin Pierce Ravens,615054,Mercy Mavericks,615036,7,top,B. Tetler singled.,50,2026-02-14 10:00:00-05:00,"Cary, NC",25,MBA,2026
6510602,615036,Franklin Pierce Ravens,615054,Mercy Mavericks,615036,7,top,E. Blake struck out.,51,2026-02-14 10:00:00-05:00,"Cary, NC",25,MBA,2026
6510602,615036,Franklin Pierce Ravens,615054,Mercy Mavericks,615036,7,top,J. Roque flied out to rf.,52,2026-02-14 10:00:00-05:00,"Cary, NC",25,MBA,2026
6510602,615036,Franklin Pierce Ravens,615054,Mercy Mavericks,615036,7,top,J. Acker singled; B. Tetler advanced to second.,53,2026-02-14 10:00:00-05:00,"Cary, NC",25,MBA,2026
6510602,615036,Franklin Pierce Ravens,615054,Mercy Mavericks,615036,7,top,I. Arias flied out to cf.,54,2026-02-14 10:00:00-05:00,"Cary, NC",25,MBA,2026
6510602,615036,Franklin Pierce Ravens,615054,Mercy Mavericks,615054,7,bot,K. Engmann grounded out to p.,55,2026-02-14 10:00:00-05:00,"Cary, NC",25,MBA,2026
6510602,615036,Franklin Pierce Ravens,615054,Mercy Mavericks,615054,7,bot,C. Ruland flied out to lf.,56,2026-02-14 10:00:00-05:00,"Cary, NC",25,MBA,2026
6510602,615036,Franklin Pierce Ravens,615054,Mercy Mavericks,615054,7,bot,K. Goins flied out to cf.,57,2026-02-14 10:00:00-05:00,"Cary, NC",25,MBA,2026
6510602,615036,Franklin Pierce Ravens,615054,Mercy Mavericks,615036,8,top,R. DiNapoli to p for N. Scaperott.,58,2026-02-14 10:00:00-05:00,"Cary, NC",25,MBA,2026
6510602,615036,Franklin Pierce Ravens,615054,Mercy Mavericks,615036,8,top,C. Boyd grounded out to 2b.,59,2026-02-14 10:00:00-05:00,"Cary, NC",25,MBA,2026
6510602,615036,Franklin Pierce Ravens,615054,Mercy Mavericks,615036,8,top,A. Boglis walked.,60,2026-02-14 10:00:00-05:00,"Cary, NC",25,MBA,2026
6510602,615036,Franklin Pierce Ravens,615054,Mercy Mavericks,615036,8,top,C. Hoffman popped up to 1b.,61,2026-02-14 10:00:00-05:00,"Cary, NC",25,MBA,2026
6510602,615036,Franklin Pierce Ravens,615054,Mercy Mavericks,615036,8,top,O. King pinch hit for A. Dadinos.,62,2026-02-14 10:00:00-05:00,"Cary, NC",25,MBA,2026
6510602,615036,Franklin Pierce Ravens,615054,Mercy Mavericks,615036,8,top,O. King popped up to 1b.,63,2026-02-14 10:00:00-05:00,"Cary, NC",25,MBA,2026
6510602,615036,Franklin Pierce Ravens,615054,Mercy Mavericks,615054,8,bot,O. King to lf.,64,2026-02-14 10:00:00-05:00,"Cary, NC",25,MBA,2026
6510602,615036,Franklin Pierce Ravens,615054,Mercy Mavericks,615054,8,bot,D. Koch grounded out to ss.,65,2026-02-14 10:00:00-05:00,"Cary, NC",25,MBA,2026
6510602,615036,Franklin Pierce Ravens,615054,Mercy Mavericks,615054,8,bot,G. Savoca grounded out to 2b.,66,2026-02-14 10:00:00-05:00,"Cary, NC",25,MBA,2026
6510602,615036,Franklin Pierce Ravens,615054,Mercy Mavericks,615054,8,bot,J. Nisco walked.,67,2026-02-14 10:00:00-05:00,"Cary, NC",25,MBA,2026
6510602,615036,Franklin Pierce Ravens,615054,Mercy Mavericks,615054,8,bot,J. Nisco stole second.,68,2026-02-14 10:00:00-05:00,"Cary, NC",25,MBA,2026
6510602,615036,Franklin Pierce Ravens,615054,Mercy Mavericks,615054,8,bot,Z. Ashline walked.,69,2026-02-14 10:00:00-05:00,"Cary, NC",25,MBA,2026
6510602,615036,Franklin Pierce Ravens,615054,Mercy Mavericks,615054,8,bot,"Bernard, Jr walked; Z. Ashline advanced to second; J. Nisco advanced to third.",70,2026-02-14 10:00:00-05:00,"Cary, NC",25,MBA,2026
6510602,615036,Franklin Pierce Ravens,615054,Mercy Mavericks,615054,8,bot,L. LeClair to p for A. Paolicell.,71,2026-02-14 10:00:00-05:00,"Cary, NC",25,MBA,2026
6510602,615036,Franklin Pierce Ravens,615054,Mercy Mavericks,615054,8,bot,S. McAdams flied out to cf.,72,2026-02-14 10:00:00-05:00,"Cary, NC",25,MBA,2026
6510602,615036,Franklin Pierce Ravens,615054,Mercy Mavericks,615036,9,top,B. Tetler grounded out to ss.,73,2026-02-14 10:00:00-05:00,"Cary, NC",25,MBA,2026
6510602,615036,Franklin Pierce Ravens,615054,Mercy Mavericks,615036,9,top,J. Villanuev pinch hit for E. Blake.,74,2026-02-14 10:00:00-05:00,"Cary, NC",25,MBA,2026
6510602,615036,Franklin Pierce Ravens,615054,Mercy Mavericks,615036,9,top,J. Villanuev struck out looking.,75,2026-02-14 10:00:00-05:00,"Cary, NC",25,MBA,2026
6510602,615036,Franklin Pierce Ravens,615054,Mercy Mavericks,615036,9,top,J. Roque singled.,76,2026-02-14 10:00:00-05:00,"Cary, NC",25,MBA,2026
6510602,615036,Franklin Pierce Ravens,615054,Mercy Mavericks,615036,9,top,J. Acker walked; J. Roque advanced to second.,77,2026-02-14 10:00:00-05:00,"Cary, NC",25,MBA,2026
6510602,615036,Franklin Pierce Ravens,615054,Mercy Mavericks,615036,9,top,I. Arias grounded out to p.,78,2026-02-14 10:00:00-05:00,"Cary, NC",25,MBA,2026
6510602,615036,Franklin Pierce Ravens,615054,Mercy Mavericks,615054,9,bot,J. Villanuev to 3b.,79,2026-02-14 10:00:00-05:00,"Cary, NC",25,MBA,2026
6510602,615036,Franklin Pierce Ravens,615054,Mercy Mavericks,615054,9,bot,K. Engmann grounded out to 2b.,80,2026-02-14 10:00:00-05:00,"Cary, NC",25,MBA,2026
6510602,615036,Franklin Pierce Ravens,615054,Mercy Mavericks,615054,9,bot,C. Ruland struck out.,81,2026-02-14 10:00:00-05:00,"Cary, NC",25,MBA,2026
6510602,615036,Franklin Pierce Ravens,615054,Mercy Mavericks,615054,9,bot,K. Goins grounded out to 2b.,82,2026-02-14 10:00:00-05:00,"Cary, NC",25,MBA,2026
6510602,615036,Franklin Pierce Ravens,615054,Mercy Mavericks,615036,10,top,C. Boyd struck out.,83,2026-02-14 10:00:00-05:00,"Cary, NC",25,MBA,2026
6510602,615036,Franklin Pierce Ravens,615054,Mercy Mavericks,615036,10,top,A. Boglis popped up to ss.,84,2026-02-14 10:00:00-05:00,"Cary, NC",25,MBA,2026
6510602,615036,Franklin Pierce Ravens,615054,Mercy Mavericks,615036,10,top,C. Hoffman grounded out to ss.,85,2026-02-14 10:00:00-05:00,"Cary, NC",25,MBA,2026
6510602,615036,Franklin Pierce Ravens,615054,Mercy Mavericks,615054,10,bot,D. Koch flied out to cf.,86,2026-02-14 10:00:00-05:00,"Cary, NC",25,MBA,2026
6510602,615036,Franklin Pierce Ravens,615054,Mercy Mavericks,615054,10,bot,G. Savoca singled.,87,2026-02-14 10:00:00-05:00,"Cary, NC",25,MBA,2026
6510602,615036,Franklin Pierce Ravens,615054,Mercy Mavericks,615054,10,bot,J. Nisco struck out looking.,88,2026-02-14 10:00:00-05:00,"Cary, NC",25,MBA,2026
6510602,615036,Franklin Pierce Ravens,615054,Mercy Mavericks,615054,10,bot,Z. Ashline flied out to ss.,89,2026-02-14 10:00:00-05:00,"Cary, NC",25,MBA,2026
6510602,615036,Franklin Pierce Ravens,615054,Mercy Mavericks,615036,11,top,Sanders II pinch hit for O. King.,90,2026-02-14 10:00:00-05:00,"Cary, NC",25,MBA,2026
6510602,615036,Franklin Pierce Ravens,615054,Mercy Mavericks,615036,11,top,Sanders II struck out.,91,2026-02-14 10:00:00-05:00,"Cary, NC",25,MBA,2026
6510602,615036,Franklin Pierce Ravens,615054,Mercy Mavericks,615036,11,top,B. Tetler flied out to cf.,92,2026-02-14 10:00:00-05:00,"Cary, NC",25,MBA,2026
6510602,615036,Franklin Pierce Ravens,615054,Mercy Mavericks,615036,11,top,J. Villanuev flied out to cf.,93,2026-02-14 10:00:00-05:00,"Cary, NC",25,MBA,2026
6510602,615036,Franklin Pierce Ravens,615054,Mercy Mavericks,615054,11,bot,Sanders II to lf.,94,2026-02-14 10:00:00-05:00,"Cary, NC",25,MBA,2026
6510602,615036,Franklin Pierce Ravens,615054,Mercy Mavericks,615054,11,bot,"Bernard, Jr struck out.",95,2026-02-14 10:00:00-05:00,"Cary, NC",25,MBA,2026
6510602,615036,Franklin Pierce Ravens,615054,Mercy Mavericks,615054,11,bot,S. McAdams flied out to lf.,96,2026-02-14 10:00:00-05:00,"Cary, NC",25,MBA,2026
6510602,615036,Franklin Pierce Ravens,615054,Mercy Mavericks,615054,11,bot,K. Engmann struck out.,97,2026-02-14 10:00:00-05:00,"Cary, NC",25,MBA,2026
6510602,615036,Franklin Pierce Ravens,615054,Mercy Mavericks,615036,12,top,J. Roque flied out to lf.,98,2026-02-14 10:00:00-05:00,"Cary, NC",25,MBA,2026
6510602,615036,Franklin Pierce Ravens,615054,Mercy Mavericks,615036,12,top,J. Acker singled.,99,2026-02-14 10:00:00-05:00,"Cary, NC",25,MBA,2026
6510602,615036,Franklin Pierce Ravens,615054,Mercy Mavericks,615036,12,top,I. Arias popped up to 2b.,100,2026-02-14 10:00:00-05:00,"Cary, NC",25,MBA,2026
6510602,615036,Franklin Pierce Ravens,615054,Mercy Mavericks,615036,12,top,C. Boyd singled; J. Acker advanced to second.,101,2026-02-14 10:00:00-05:00,"Cary, NC",25,MBA,2026
6510602,615036,Franklin Pierce Ravens,615054,Mercy Mavericks,615036,12,top,C. Boyd advanced to second on an error by 2b; J. Acker advanced to third on the error.,102,2026-02-14 10:00:00-05:00,"Cary, NC",25,MBA,2026
6510602,615036,Franklin Pierce Ravens,615054,Mercy Mavericks,615036,12,top,A. Boglis flied out to lf.,103,2026-02-14 10:00:00-05:00,"Cary, NC",25,MBA,2026
6510602,615036,Franklin Pierce Ravens,615054,Mercy Mavericks,615054,12,bot,A. Hoti pinch hit for C. Ruland.,104,2026-02-14 10:00:00-05:00,"Cary, NC",25,MBA,2026
6510602,615036,Franklin Pierce Ravens,615054,Mercy Mavericks,615054,12,bot,A. Hoti doubled.,105,2026-02-14 10:00:00-05:00,"Cary, NC",25,MBA,2026
6510602,615036,Franklin Pierce Ravens,615054,Mercy Mavericks,615054,12,bot,"K. Goins out at first 1b to 2b, SAC, bunt; A. Hoti advanced to third.",106,2026-02-14 10:00:00-05:00,"Cary, NC",25,MBA,2026
6510602,615036,Franklin Pierce Ravens,615054,Mercy Mavericks,615054,12,bot,D. Koch struck out looking.,107,2026-02-14 10:00:00-05:00,"Cary, NC",25,MBA,2026
6510602,615036,Franklin Pierce Ravens,615054,Mercy Mavericks,615054,12,bot,G. Savoca flied out to cf.,108,2026-02-14 10:00:00-05:00,"Cary, NC",25,MBA,2026
6510602,615036,Franklin Pierce Ravens,615054,Mercy Mavericks,615036,13,top,A. Hoti to c.,109,2026-02-14 10:00:00-05:00,"Cary, NC",25,MBA,2026
6510602,615036,Franklin Pierce Ravens,615054,Mercy Mavericks,615036,13,top,C. Hoffman flied out to cf.,110,2026-02-14 10:00:00-05:00,"Cary, NC",25,MBA,2026
6510602,615036,Franklin Pierce Ravens,615054,Mercy Mavericks,615036,13,top,Sanders II flied out to lf.,111,2026-02-14 10:00:00-05:00,"Cary, NC",25,MBA,2026
6510602,615036,Franklin Pierce Ravens,615054,Mercy Mavericks,615036,13,top,B. Tetler flied out to rf.,112,2026-02-14 10:00:00-05:00,"Cary, NC",25,MBA,2026
6510602,615036,Franklin Pierce Ravens,615054,Mercy Mavericks,615054,13,bot,J. Nisco struck out looking.,113,2026-02-14 10:00:00-05:00,"Cary, NC",25,MBA,2026
6510602,615036,Franklin Pierce Ravens,615054,Mercy Mavericks,615054,13,bot,Z. Ashline grounded out to ss.,114,2026-02-14 10:00:00-05:00,"Cary, NC",25,MBA,2026
6510602,615036,Franklin Pierce Ravens,615054,Mercy Mavericks,615054,13,bot,"Bernard, Jr walked.",115,2026-02-14 10:00:00-05:00,"Cary, NC",25,MBA,2026
6510602,615036,Franklin Pierce Ravens,615054,Mercy Mavericks,615054,13,bot,S. McAdams grounded out to 3b.,116,2026-02-14 10:00:00-05:00,"Cary, NC",25,MBA,2026
6510602,615036,Franklin Pierce Ravens,615054,Mercy Mavericks,615036,14,top,T. Dillon pinch hit for J. Villanuev.,117,2026-02-14 10:00:00-05:00,"Cary, NC",25,MBA,2026
6510602,615036,Franklin Pierce Ravens,615054,Mercy Mavericks,615036,14,top,T. Dillon flied out to rf.,118,2026-02-14 10:00:00-05:00,"Cary, NC",25,MBA,2026
6510602,615036,Franklin Pierce Ravens,615054,Mercy Mavericks,615036,14,top,J. Roque walked.,119,2026-02-14 10:00:00-05:00,"Cary, NC",25,MBA,2026
6510602,615036,Franklin Pierce Ravens,615054,Mercy Mavericks,615036,14,top,J. Acker flied out to lf.,120,2026-02-14 10:00:00-05:00,"Cary, NC",25,MBA,2026
6510602,615036,Franklin Pierce Ravens,615054,Mercy Mavericks,615036,14,top,I. Arias reached on a fielder's choice; J. Roque out at second ss to 2b.,121,2026-02-14 10:00:00-05:00,"Cary, NC",25,MBA,2026
6510602,615036,Franklin Pierce Ravens,615054,Mercy Mavericks,615054,14,bot,T. Dillon to 3b.,122,2026-02-14 10:00:00-05:00,"Cary, NC",25,MBA,2026
6510602,615036,Franklin Pierce Ravens,615054,Mercy Mavericks,615054,14,bot,M. Hesselbir pinch hit for K. Engmann.,123,2026-02-14 10:00:00-05:00,"Cary, NC",25,MBA,2026
6510602,615036,Franklin Pierce Ravens,615054,Mercy Mavericks,615054,14,bot,M. Hesselbir singled.,124,2026-02-14 10:00:00-05:00,"Cary, NC",25,MBA,2026
6510602,615036,Franklin Pierce Ravens,615054,Mercy Mavericks,615054,14,bot,A. Wayne pinch ran for M. Hesselbir.,125,2026-02-14 10:00:00-05:00,"Cary, NC",25,MBA,2026
6510602,615036,Franklin Pierce Ravens,615054,Mercy Mavericks,615054,14,bot,S. Bangs to p for L. LeClair.,126,2026-02-14 10:00:00-05:00,"Cary, NC",25,MBA,2026
6510602,615036,Franklin Pierce Ravens,615054,Mercy Mavericks,615054,14,bot,A. Wayne stole second.,127,2026-02-14 10:00:00-05:00,"Cary, NC",25,MBA,2026
6510602,615036,Franklin Pierce Ravens,615054,Mercy Mavericks,615054,14,bot,A. Hoti walked.,128,2026-02-14 10:00:00-05:00,"Cary, NC",25,MBA,2026
6510602,615036,Franklin Pierce Ravens,615054,Mercy Mavericks,615054,14,bot,"K. Goins out at first 1b to 2b, SAC, bunt; A. Hoti advanced to second; A. Wayne advanced to third.",129,2026-02-14 10:00:00-05:00,"Cary, NC",25,MBA,2026
6510602,615036,Franklin Pierce Ravens,615054,Mercy Mavericks,615054,14,bot,D. Koch walked.,130,2026-02-14 10:00:00-05:00,"Cary, NC",25,MBA,2026
6510602,615036,Franklin Pierce Ravens,615054,Mercy Mavericks,615054,14,bot,"G. Savoca flied out to lf, sacrifice fly, RBI; A. Wayne scored.",131,2026-02-14 10:00:00-05:00,"Cary, NC",25,MBA,2026
6513145,614655,UMES Hawks,621265,La Salle Explorers,614655,1,top,A. Carson hit by pitch.,1,2026-02-14 10:00:00-05:00,"Hank DeVincent Field (Philadelphia, PA)",122,MBA,2026
6513145,614655,UMES Hawks,621265,La Salle Explorers,614655,1,top,"D. Brown struck out swinging, caused a double play c unassisted3a A. Carson out on the play, interference.",2,2026-02-14 10:00:00-05:00,"Hank DeVincent Field (Philadelphia, PA)",122,MBA,2026
6513145,614655,UMES Hawks,621265,La Salle Explorers,614655,1,top,H. Clausell lined out to ss.,3,2026-02-14 10:00:00-05:00,"Hank DeVincent Field (Philadelphia, PA)",122,MBA,2026
6513145,614655,UMES Hawks,621265,La Salle Explorers,614655,1,top,H. Clausell lined out to ss.,4,2026-02-14 10:00:00-05:00,"Hank DeVincent Field (Philadelphia, PA)",122,MBA,2026
6513145,614655,UMES Hawks,621265,La Salle Explorers,621265,1,bot,R. Albin struck out looking.,5,2026-02-14 10:00:00-05:00,"Hank DeVincent Field (Philadelphia, PA)",122,MBA,2026
6513145,614655,UMES Hawks,621265,La Salle Explorers,621265,1,bot,C. Swain grounded out to p.,6,2026-02-14 10:00:00-05:00,"Hank DeVincent Field (Philadelphia, PA)",122,MBA,2026
6513145,614655,UMES Hawks,621265,La Salle Explorers,621265,1,bot,C. Groen singled to center field.,7,2026-02-14 10:00:00-05:00,"Hank DeVincent Field (Philadelphia, PA)",122,MBA,2026
6513145,614655,UMES Hawks,621265,La Salle Explorers,621265,1,bot,R. Livingsto flied out to rf.,8,2026-02-14 10:00:00-05:00,"Hank DeVincent Field (Philadelphia, PA)",122,MBA,2026
6513145,614655,UMES Hawks,621265,La Salle Explorers,614655,2,top,J. Perez popped up to 3b.,9,2026-02-14 10:00:00-05:00,"Hank DeVincent Field (Philadelphia, PA)",122,MBA,2026
6513145,614655,UMES Hawks,621265,La Salle Explorers,614655,2,top,D. Aponte singled to second base.,10,2026-02-14 10:00:00-05:00,"Hank DeVincent Field (Philadelphia, PA)",122,MBA,2026
6513145,614655,UMES Hawks,621265,La Salle Explorers,614655,2,top,J. Jimenez doubled to left field3a D. Aponte advanced to third.,11,2026-02-14 10:00:00-05:00,"Hank DeVincent Field (Philadelphia, PA)",122,MBA,2026
6513145,614655,UMES Hawks,621265,La Salle Explorers,614655,2,top,J. Rodriguez flied out to rf.,12,2026-02-14 10:00:00-05:00,"Hank DeVincent Field (Philadelphia, PA)",122,MBA,2026
6513145,614655,UMES Hawks,621265,La Salle Explorers,614655,2,top,A. Hackett struck out looking.,13,2026-02-14 10:00:00-05:00,"Hank DeVincent Field (Philadelphia, PA)",122,MBA,2026
6513145,614655,UMES Hawks,621265,La Salle Explorers,621265,2,bot,J. Szestowic struck out looking.,14,2026-02-14 10:00:00-05:00,"Hank DeVincent Field (Philadelphia, PA)",122,MBA,2026
6513145,614655,UMES Hawks,621265,La Salle Explorers,621265,2,bot,J. Novak walked.,15,2026-02-14 10:00:00-05:00,"Hank DeVincent Field (Philadelphia, PA)",122,MBA,2026
6513145,614655,UMES Hawks,621265,La Salle Explorers,621265,2,bot,R. Perez lined out to cf.,16,2026-02-14 10:00:00-05:00,"Hank DeVincent Field (Philadelphia, PA)",122,MBA,2026
6513145,614655,UMES Hawks,621265,La Salle Explorers,621265,2,bot,A. Welshans reached first on a fielding error by 3b3a J. Novak advanced to second.,17,2026-02-14 10:00:00-05:00,"Hank DeVincent Field (Philadelphia, PA)",122,MBA,2026
6513145,614655,UMES Hawks,621265,La Salle Explorers,621265,2,bot,D. Perez hit by pitch3a A. Welshans advanced to second3a J. Novak advanced to third.,18,2026-02-14 10:00:00-05:00,"Hank DeVincent Field (Philadelphia, PA)",122,MBA,2026
6513145,614655,UMES Hawks,621265,La Salle Explorers,621265,2,bot,R. Albin reached on a fielder's choice3a D. Perez out at second 2b to ss.,19,2026-02-14 10:00:00-05:00,"Hank DeVincent Field (Philadelphia, PA)",122,MBA,2026
6513145,614655,UMES Hawks,621265,La Salle Explorers,614655,3,top,K. Alicea grounded out to 2b.,20,2026-02-14 10:00:00-05:00,"Hank DeVincent Field (Philadelphia, PA)",122,MBA,2026
6513145,614655,UMES Hawks,621265,La Salle Explorers,614655,3,top,A. Carson singled to left field.,21,2026-02-14 10:00:00-05:00,"Hank DeVincent Field (Philadelphia, PA)",122,MBA,2026
6513145,614655,UMES Hawks,621265,La Salle Explorers,614655,3,top,D. Brown struck out swinging.,22,2026-02-14 10:00:00-05:00,"Hank DeVincent Field (Philadelphia, PA)",122,MBA,2026
6513145,614655,UMES Hawks,621265,La Salle Explorers,614655,3,top,A. Carson stole second.,23,2026-02-14 10:00:00-05:00,"Hank DeVincent Field (Philadelphia, PA)",122,MBA,2026
6513145,614655,UMES Hawks,621265,La Salle Explorers,614655,3,top,H. Clausell struck out swinging.,24,2026-02-14 10:00:00-05:00,"Hank DeVincent Field (Philadelphia, PA)",122,MBA,2026
6513145,614655,UMES Hawks,621265,La Salle Explorers,621265,3,bot,"C. Swain singled to third base, advanced to second on a throwing error by 3b.",25,2026-02-14 10:00:00-05:00,"Hank DeVincent Field (Philadelphia, PA)",122,MBA,2026
6513145,614655,UMES Hawks,621265,La Salle Explorers,621265,3,bot,C. Groen hit by pitch.,26,2026-02-14 10:00:00-05:00,"Hank DeVincent Field (Philadelphia, PA)",122,MBA,2026
6513145,614655,UMES Hawks,621265,La Salle Explorers,621265,3,bot,R. Livingsto struck out swinging.,27,2026-02-14 10:00:00-05:00,"Hank DeVincent Field (Philadelphia, PA)",122,MBA,2026
6513145,614655,UMES Hawks,621265,La Salle Explorers,621265,3,bot,J. Szestowic grounded out to ss3a C. Groen advanced to second3a C. Swain advanced to third.,28,2026-02-14 10:00:00-05:00,"Hank DeVincent Field (Philadelphia, PA)",122,MBA,2026
6513145,614655,UMES Hawks,621265,La Salle Explorers,621265,3,bot,J. Novak flied out to 2b.,29,2026-02-14 10:00:00-05:00,"Hank DeVincent Field (Philadelphia, PA)",122,MBA,2026
6513145,614655,UMES Hawks,621265,La Salle Explorers,614655,4,top,"J. Perez homered to left field, RBI.",30,2026-02-14 10:00:00-05:00,"Hank DeVincent Field (Philadelphia, PA)",122,MBA,2026
6513145,614655,UMES Hawks,621265,La Salle Explorers,614655,4,top,D. Aponte grounded out to ss.,31,2026-02-14 10:00:00-05:00,"Hank DeVincent Field (Philadelphia, PA)",122,MBA,2026
6513145,614655,UMES Hawks,621265,La Salle Explorers,614655,4,top,J. Jimenez walked.,32,2026-02-14 10:00:00-05:00,"Hank DeVincent Field (Philadelphia, PA)",122,MBA,2026
6513145,614655,UMES Hawks,621265,La Salle Explorers,614655,4,top,J. Jimenez stole second.,33,2026-02-14 10:00:00-05:00,"Hank DeVincent Field (Philadelphia, PA)",122,MBA,2026
6513145,614655,UMES Hawks,621265,La Salle Explorers,614655,4,top,J. Rodriguez grounded out to ss3a J. Jimenez advanced to third.,34,2026-02-14 10:00:00-05:00,"Hank DeVincent Field (Philadelphia, PA)",122,MBA,2026
6513145,614655,UMES Hawks,621265,La Salle Explorers,614655,4,top,"A. Hackett singled to left field, RBI3a J. Jimenez scored.",35,2026-02-14 10:00:00-05:00,"Hank DeVincent Field (Philadelphia, PA)",122,MBA,2026
6513145,614655,UMES Hawks,621265,La Salle Explorers,614655,4,top,K. Alicea out at first 1b to p3a A. Hackett advanced to second.,36,2026-02-14 10:00:00-05:00,"Hank DeVincent Field (Philadelphia, PA)",122,MBA,2026
6513145,614655,UMES Hawks,621265,La Salle Explorers,621265,4,bot,M. Davila to 3b for H. Clausell.,37,2026-02-14 10:00:00-05:00,"Hank DeVincent Field (Philadelphia, PA)",122,MBA,2026
6513145,614655,UMES Hawks,621265,La Salle Explorers,621265,4,bot,"R. Perez doubled to left field, advanced to third on a throwing error by lf.",38,2026-02-14 10:00:00-05:00,"Hank DeVincent Field (Philadelphia, PA)",122,MBA,2026
6513145,614655,UMES Hawks,621265,La Salle Explorers,621265,4,bot,"A. Welshans homered to left field, 2 RBI3a R. Perez scored.",39,2026-02-14 10:00:00-05:00,"Hank DeVincent Field (Philadelphia, PA)",122,MBA,2026
6513145,614655,UMES Hawks,621265,La Salle Explorers,621265,4,bot,D. Perez struck out looking.,40,2026-02-14 10:00:00-05:00,"Hank DeVincent Field (Philadelphia, PA)",122,MBA,2026
6513145,614655,UMES Hawks,621265,La Salle Explorers,621265,4,bot,R. Albin singled to left field.,41,2026-02-14 10:00:00-05:00,"Hank DeVincent Field (Philadelphia, PA)",122,MBA,2026
6513145,614655,UMES Hawks,621265,La Salle Explorers,621265,4,bot,C. Swain doubled to right field3a R. Albin advanced to third.,42,2026-02-14 10:00:00-05:00,"Hank DeVincent Field (Philadelphia, PA)",122,MBA,2026
6513145,614655,UMES Hawks,621265,La Salle Explorers,621265,4,bot,E. Torres to p for R. jesus.,43,2026-02-14 10:00:00-05:00,"Hank DeVincent Field (Philadelphia, PA)",122,MBA,2026
6513145,614655,UMES Hawks,621265,La Salle Explorers,621265,4,bot,"C. Groen flied out to cf, SAC, RBI3a R. Albin scored.",44,2026-02-14 10:00:00-05:00,"Hank DeVincent Field (Philadelphia, PA)",122,MBA,2026
6513145,614655,UMES Hawks,621265,La Salle Explorers,621265,4,bot,R. Livingsto hit by pitch.,45,2026-02-14 10:00:00-05:00,"Hank DeVincent Field (Philadelphia, PA)",122,MBA,2026
6513145,614655,UMES Hawks,621265,La Salle Explorers,621265,4,bot,J. Szestowic walked3a R. Livingsto advanced to second3a C. Swain advanced to third.,46,2026-02-14 10:00:00-05:00,"Hank DeVincent Field (Philadelphia, PA)",122,MBA,2026
6513145,614655,UMES Hawks,621265,La Salle Explorers,621265,4,bot,J. Novak flied out to cf.,47,2026-02-14 10:00:00-05:00,"Hank DeVincent Field (Philadelphia, PA)",122,MBA,2026
6513145,614655,UMES Hawks,621265,La Salle Explorers,614655,5,top,A. Carson grounded out to 3b.,48,2026-02-14 10:00:00-05:00,"Hank DeVincent Field (Philadelphia, PA)",122,MBA,2026
6513145,614655,UMES Hawks,621265,La Salle Explorers,614655,5,top,D. Brown grounded out to 2b.,49,2026-02-14 10:00:00-05:00,"Hank DeVincent Field (Philadelphia, PA)",122,MBA,2026
6513145,614655,UMES Hawks,621265,La Salle Explorers,614655,5,top,M. Davila walked.,50,2026-02-14 10:00:00-05:00,"Hank DeVincent Field (Philadelphia, PA)",122,MBA,2026
6513145,614655,UMES Hawks,621265,La Salle Explorers,614655,5,top,H. Narke to p for O. MacDonnel.,51,2026-02-14 10:00:00-05:00,"Hank DeVincent Field (Philadelphia, PA)",122,MBA,2026
6513145,614655,UMES Hawks,621265,La Salle Explorers,614655,5,top,J. Perez flied out to rf.,52,2026-02-14 10:00:00-05:00,"Hank DeVincent Field (Philadelphia, PA)",122,MBA,2026
6513145,614655,UMES Hawks,621265,La Salle Explorers,621265,5,bot,R. Perez walked.,53,2026-02-14 10:00:00-05:00,"Hank DeVincent Field (Philadelphia, PA)",122,MBA,2026
6513145,614655,UMES Hawks,621265,La Salle Explorers,621265,5,bot,A. Welshans singled to center field3a R. Perez advanced to second.,54,2026-02-14 10:00:00-05:00,"Hank DeVincent Field (Philadelphia, PA)",122,MBA,2026
6513145,614655,UMES Hawks,621265,La Salle Explorers,621265,5,bot,"D. Perez singled, bunt3a A. Welshans advanced to second3a R. Perez advanced to third.",55,2026-02-14 10:00:00-05:00,"Hank DeVincent Field (Philadelphia, PA)",122,MBA,2026
6513145,614655,UMES Hawks,621265,La Salle Explorers,621265,5,bot,R. Albin struck out swinging.,56,2026-02-14 10:00:00-05:00,"Hank DeVincent Field (Philadelphia, PA)",122,MBA,2026
6513145,614655,UMES Hawks,621265,La Salle Explorers,621265,5,bot,"C. Swain walked, RBI3a D. Perez advanced to second3a A. Welshans advanced to third3a R. Perez scored.",57,2026-02-14 10:00:00-05:00,"Hank DeVincent Field (Philadelphia, PA)",122,MBA,2026
6513145,614655,UMES Hawks,621265,La Salle Explorers,621265,5,bot,"C. Groen doubled to center field, 3 RBI3a C. Swain scored3a D. Perez scored3a A. Welshans scored.",58,2026-02-14 10:00:00-05:00,"Hank DeVincent Field (Philadelphia, PA)",122,MBA,2026
6513145,614655,UMES Hawks,621265,La Salle Explorers,621265,5,bot,R. Livingsto lined out to rf.,59,2026-02-14 10:00:00-05:00,"Hank DeVincent Field (Philadelphia, PA)",122,MBA,2026
6513145,614655,UMES Hawks,621265,La Salle Explorers,621265,5,bot,C. Groen stole third.,60,2026-02-14 10:00:00-05:00,"Hank DeVincent Field (Philadelphia, PA)",122,MBA,2026
6513145,614655,UMES Hawks,621265,La Salle Explorers,621265,5,bot,J. Szestowic struck out swinging.,61,2026-02-14 10:00:00-05:00,"Hank DeVincent Field (Philadelphia, PA)",122,MBA,2026
6513145,614655,UMES Hawks,621265,La Salle Explorers,614655,6,top,D. Aponte grounded out to ss.,62,2026-02-14 10:00:00-05:00,"Hank DeVincent Field (Philadelphia, PA)",122,MBA,2026
6513145,614655,UMES Hawks,621265,La Salle Explorers,614655,6,top,J. Jimenez struck out swinging.,63,2026-02-14 10:00:00-05:00,"Hank DeVincent Field (Philadelphia, PA)",122,MBA,2026
6513145,614655,UMES Hawks,621265,La Salle Explorers,614655,6,top,J. Rodriguez reached first on a fielding error by 1b.,64,2026-02-14 10:00:00-05:00,"Hank DeVincent Field (Philadelphia, PA)",122,MBA,2026
6513145,614655,UMES Hawks,621265,La Salle Explorers,614655,6,top,A. Hackett grounded out to 3b3a J. Rodriguez advanced to second.,65,2026-02-14 10:00:00-05:00,"Hank DeVincent Field (Philadelphia, PA)",122,MBA,2026
6513145,614655,UMES Hawks,621265,La Salle Explorers,621265,6,bot,J. Novak hit by pitch.,66,2026-02-14 10:00:00-05:00,"Hank DeVincent Field (Philadelphia, PA)",122,MBA,2026
6513145,614655,UMES Hawks,621265,La Salle Explorers,621265,6,bot,J. Novak stole second.,67,2026-02-14 10:00:00-05:00,"Hank DeVincent Field (Philadelphia, PA)",122,MBA,2026
6513145,614655,UMES Hawks,621265,La Salle Explorers,621265,6,bot,R. Perez struck out swinging.,68,2026-02-14 10:00:00-05:00,"Hank DeVincent Field (Philadelphia, PA)",122,MBA,2026
6513145,614655,UMES Hawks,621265,La Salle Explorers,621265,6,bot,"J. Novak advanced to third on a wild pitch, J. Novak.",69,2026-02-14 10:00:00-05:00,"Hank DeVincent Field (Philadelphia, PA)",122,MBA,2026
6513145,614655,UMES Hawks,621265,La Salle Explorers,621265,6,bot,A. Welshans walked.,70,2026-02-14 10:00:00-05:00,"Hank DeVincent Field (Philadelphia, PA)",122,MBA,2026
6513145,614655,UMES Hawks,621265,La Salle Explorers,621265,6,bot,A. Welshans stole second.,71,2026-02-14 10:00:00-05:00,"Hank DeVincent Field (Philadelphia, PA)",122,MBA,2026
6513145,614655,UMES Hawks,621265,La Salle Explorers,621265,6,bot,A. Welshans stole third.,72,2026-02-14 10:00:00-05:00,"Hank DeVincent Field (Philadelphia, PA)",122,MBA,2026
6513145,614655,UMES Hawks,621265,La Salle Explorers,621265,6,bot,D. Perez struck out swinging.,73,2026-02-14 10:00:00-05:00,"Hank DeVincent Field (Philadelphia, PA)",122,MBA,2026
6513145,614655,UMES Hawks,621265,La Salle Explorers,621265,6,bot,A. Welshans scored on a wild pitch.,74,2026-02-14 10:00:00-05:00,"Hank DeVincent Field (Philadelphia, PA)",122,MBA,2026
6513145,614655,UMES Hawks,621265,La Salle Explorers,621265,6,bot,R. Albin lined out to ss.,75,2026-02-14 10:00:00-05:00,"Hank DeVincent Field (Philadelphia, PA)",122,MBA,2026
6513145,614655,UMES Hawks,621265,La Salle Explorers,614655,7,top,B. Wadiak to p for H. Narke.,76,2026-02-14 10:00:00-05:00,"Hank DeVincent Field (Philadelphia, PA)",122,MBA,2026
6513145,614655,UMES Hawks,621265,La Salle Explorers,614655,7,top,K. Alicea struck out looking.,77,2026-02-14 10:00:00-05:00,"Hank DeVincent Field (Philadelphia, PA)",122,MBA,2026
6513145,614655,UMES Hawks,621265,La Salle Explorers,614655,7,top,A. Carson walked.,78,2026-02-14 10:00:00-05:00,"Hank DeVincent Field (Philadelphia, PA)",122,MBA,2026
6513145,614655,UMES Hawks,621265,La Salle Explorers,614655,7,top,D. Brown grounded into double play p to ss to 1b3a A. Carson out on the play.,79,2026-02-14 10:00:00-05:00,"Hank DeVincent Field (Philadelphia, PA)",122,MBA,2026
6513145,614655,UMES Hawks,621265,La Salle Explorers,621265,7,bot,S. Stanley to p for E. Torres.,80,2026-02-14 10:00:00-05:00,"Hank DeVincent Field (Philadelphia, PA)",122,MBA,2026
6513145,614655,UMES Hawks,621265,La Salle Explorers,621265,7,bot,C. Swain walked.,81,2026-02-14 10:00:00-05:00,"Hank DeVincent Field (Philadelphia, PA)",122,MBA,2026
6513145,614655,UMES Hawks,621265,La Salle Explorers,621265,7,bot,C. Groen grounded out to ss3a C. Swain advanced to second.,82,2026-02-14 10:00:00-05:00,"Hank DeVincent Field (Philadelphia, PA)",122,MBA,2026
6513145,614655,UMES Hawks,621265,La Salle Explorers,621265,7,bot,"R. Livingsto doubled to left center, RBI3a C. Swain scored.",83,2026-02-14 10:00:00-05:00,"Hank DeVincent Field (Philadelphia, PA)",122,MBA,2026
6513145,614655,UMES Hawks,621265,La Salle Explorers,621265,7,bot,J. Szestowic hit by pitch.,84,2026-02-14 10:00:00-05:00,"Hank DeVincent Field (Philadelphia, PA)",122,MBA,2026
6513145,614655,UMES Hawks,621265,La Salle Explorers,621265,7,bot,"J. Novak doubled down the lf line, RBI3a J. Szestowic advanced to third3a R. Livingsto scored.",85,2026-02-14 10:00:00-05:00,"Hank DeVincent Field (Philadelphia, PA)",122,MBA,2026
6513145,614655,UMES Hawks,621265,La Salle Explorers,621265,7,bot,"R. Perez homered to right center, 3 RBI3a J. Novak scored3a J. Szestowic scored.",86,2026-02-14 10:00:00-05:00,"Hank DeVincent Field (Philadelphia, PA)",122,MBA,2026
6542138,614620,Holy Cross Crusaders,614804,VCU Rams,614620,1,top,C. Egrie flied out to cf to left center.,1,2026-02-14 10:00:00-05:00,"The Diamond (Richmond, VA)",0,MBA,2026
6542138,614620,Holy Cross Crusaders,614804,VCU Rams,614620,1,top,B. Connors struck out swinging.,2,2026-02-14 10:00:00-05:00,"The Diamond (Richmond, VA)",0,MBA,2026
6542138,614620,Holy Cross Crusaders,614804,VCU Rams,614620,1,top,G. Royer struck out swinging.,3,2026-02-14 10:00:00-05:00,"The Diamond (Richmond, VA)",0,MBA,2026
6542138,614620,Holy Cross Crusaders,614804,VCU Rams,614804,1,bot,M. Petite doubled down the lf line.,4,2026-02-14 10:00:00-05:00,"The Diamond (Richmond, VA)",0,MBA,2026
6542138,614620,Holy Cross Crusaders,614804,VCU Rams,614804,1,bot,M. Petite advanced to third on a wild pitch.,5,2026-02-14 10:00:00-05:00,"The Diamond (Richmond, VA)",0,MBA,2026
6542138,614620,Holy Cross Crusaders,614804,VCU Rams,614804,1,bot,N. Flores flied out to rf.,6,2026-02-14 10:00:00-05:00,"The Diamond (Richmond, VA)",0,MBA,2026
6542138,614620,Holy Cross Crusaders,614804,VCU Rams,614804,1,bot,J. Lee hit by pitch.,7,2026-02-14 10:00:00-05:00,"The Diamond (Richmond, VA)",0,MBA,2026
6542138,614620,Holy Cross Crusaders,614804,VCU Rams,614804,1,bot,J. Lee stole second.,8,2026-02-14 10:00:00-05:00,"The Diamond (Richmond, VA)",0,MBA,2026
6542138,614620,Holy Cross Crusaders,614804,VCU Rams,614804,1,bot,Q. Maher walked.,9,2026-02-14 10:00:00-05:00,"The Diamond (Richmond, VA)",0,MBA,2026
6542138,614620,Holy Cross Crusaders,614804,VCU Rams,614804,1,bot,"D. DeFranco flied out to rf, sacrifice fly, RBI; M. Petite scored.",10,2026-02-14 10:00:00-05:00,"The Diamond (Richmond, VA)",0,MBA,2026
6542138,614620,Holy Cross Crusaders,614804,VCU Rams,614804,1,bot,Kirkpatrick hit by pitch; Q. Maher advanced to second; J. Lee advanced to third.,11,2026-02-14 10:00:00-05:00,"The Diamond (Richmond, VA)",0,MBA,2026
6542138,614620,Holy Cross Crusaders,614804,VCU Rams,614804,1,bot,"T. Adelman singled to shortstop, 2 RBI; Kirkpatrick advanced to third; Q. Maher scored; J. Lee scored.",12,2026-02-14 10:00:00-05:00,"The Diamond (Richmond, VA)",0,MBA,2026
6542138,614620,Holy Cross Crusaders,614804,VCU Rams,614804,1,bot,"T. Adelman out at second c to 2b to 1b to ss, caught stealing; Kirkpatrick scored.",13,2026-02-14 10:00:00-05:00,"The Diamond (Richmond, VA)",0,MBA,2026
6542138,614620,Holy Cross Crusaders,614804,VCU Rams,614620,2,top,J. LaFleur lined out to 2b.,14,2026-02-14 10:00:00-05:00,"The Diamond (Richmond, VA)",0,MBA,2026
6542138,614620,Holy Cross Crusaders,614804,VCU Rams,614620,2,top,A. Sandell lined out to lf.,15,2026-02-14 10:00:00-05:00,"The Diamond (Richmond, VA)",0,MBA,2026
6542138,614620,Holy Cross Crusaders,614804,VCU Rams,614620,2,top,C. Dolah walked.,16,2026-02-14 10:00:00-05:00,"The Diamond (Richmond, VA)",0,MBA,2026
6542138,614620,Holy Cross Crusaders,614804,VCU Rams,614620,2,top,N. Spaner out at first ss to 2b.,17,2026-02-14 10:00:00-05:00,"The Diamond (Richmond, VA)",0,MBA,2026
6542138,614620,Holy Cross Crusaders,614804,VCU Rams,614804,2,bot,"B. Horne homered to left field, RBI.",18,2026-02-14 10:00:00-05:00,"The Diamond (Richmond, VA)",0,MBA,2026
6542138,614620,Holy Cross Crusaders,614804,VCU Rams,614804,2,bot,A. Warden walked.,19,2026-02-14 10:00:00-05:00,"The Diamond (Richmond, VA)",0,MBA,2026
6542138,614620,Holy Cross Crusaders,614804,VCU Rams,614804,2,bot,M. Petite hit by pitch; A. Warden advanced to second.,20,2026-02-14 10:00:00-05:00,"The Diamond (Richmond, VA)",0,MBA,2026
6542138,614620,Holy Cross Crusaders,614804,VCU Rams,614804,2,bot,"N. Flores grounded out to p, SAC, bunt; M. Petite advanced to second; A. Warden advanced to third.",21,2026-02-14 10:00:00-05:00,"The Diamond (Richmond, VA)",0,MBA,2026
6542138,614620,Holy Cross Crusaders,614804,VCU Rams,614804,2,bot,"J. Lee homered to center field, 3 RBI; M. Petite scored; A. Warden scored.",22,2026-02-14 10:00:00-05:00,"The Diamond (Richmond, VA)",0,MBA,2026
6542138,614620,Holy Cross Crusaders,614804,VCU Rams,614804,2,bot,Q. Maher walked.,23,2026-02-14 10:00:00-05:00,"The Diamond (Richmond, VA)",0,MBA,2026
6542138,614620,Holy Cross Crusaders,614804,VCU Rams,614804,2,bot,B. Mulligan to p for D. Volz.,24,2026-02-14 10:00:00-05:00,"The Diamond (Richmond, VA)",0,MBA,2026
6542138,614620,Holy Cross Crusaders,614804,VCU Rams,614804,2,bot,D. DeFranco flied out to cf to left center.,25,2026-02-14 10:00:00-05:00,"The Diamond (Richmond, VA)",0,MBA,2026
6542138,614620,Holy Cross Crusaders,614804,VCU Rams,614804,2,bot,"Kirkpatrick homered to left field, 2 RBI; Q. Maher scored.",26,2026-02-14 10:00:00-05:00,"The Diamond (Richmond, VA)",0,MBA,2026
6542138,614620,Holy Cross Crusaders,614804,VCU Rams,614804,2,bot,T. Adelman struck out swinging.,27,2026-02-14 10:00:00-05:00,"The Diamond (Richmond, VA)",0,MBA,2026
6542138,614620,Holy Cross Crusaders,614804,VCU Rams,614620,3,top,V. Coughlin hit by pitch.,28,2026-02-14 10:00:00-05:00,"The Diamond (Richmond, VA)",0,MBA,2026
6542138,614620,Holy Cross Crusaders,614804,VCU Rams,614620,3,top,S. Landry lined out to rf.,29,2026-02-14 10:00:00-05:00,"The Diamond (Richmond, VA)",0,MBA,2026
6542138,614620,Holy Cross Crusaders,614804,VCU Rams,614620,3,top,C. Egrie struck out swinging.,30,2026-02-14 10:00:00-05:00,"The Diamond (Richmond, VA)",0,MBA,2026
6542138,614620,Holy Cross Crusaders,614804,VCU Rams,614620,3,top,B. Connors grounded out to 3b.,31,2026-02-14 10:00:00-05:00,"The Diamond (Richmond, VA)",0,MBA,2026
6542138,614620,Holy Cross Crusaders,614804,VCU Rams,614804,3,bot,B. Horne singled up the middle.,32,2026-02-14 10:00:00-05:00,"The Diamond (Richmond, VA)",0,MBA,2026
6542138,614620,Holy Cross Crusaders,614804,VCU Rams,614804,3,bot,B. Horne stole second.,33,2026-02-14 10:00:00-05:00,"The Diamond (Richmond, VA)",0,MBA,2026
6542138,614620,Holy Cross Crusaders,614804,VCU Rams,614804,3,bot,A. Warden singled to right field; B. Horne advanced to third.,34,2026-02-14 10:00:00-05:00,"The Diamond (Richmond, VA)",0,MBA,2026
6542138,614620,Holy Cross Crusaders,614804,VCU Rams,614804,3,bot,A. Warden stole second.,35,2026-02-14 10:00:00-05:00,"The Diamond (Richmond, VA)",0,MBA,2026
6542138,614620,Holy Cross Crusaders,614804,VCU Rams,614804,3,bot,"M. Petite struck out swinging, out at first c unassisted.",36,2026-02-14 10:00:00-05:00,"The Diamond (Richmond, VA)",0,MBA,2026
6542138,614620,Holy Cross Crusaders,614804,VCU Rams,614804,3,bot,"N. Flores singled to shortstop, RBI, out at second 1b to 2b; A. Warden advanced to third on an error by ss, scored on the throw; B. Horne scored.",37,2026-02-14 10:00:00-05:00,"The Diamond (Richmond, VA)",0,MBA,2026
6542138,614620,Holy Cross Crusaders,614804,VCU Rams,614804,3,bot,J. Lee walked.,38,2026-02-14 10:00:00-05:00,"The Diamond (Richmond, VA)",0,MBA,2026
6542138,614620,Holy Cross Crusaders,614804,VCU Rams,614804,3,bot,Q. Maher singled to left field; J. Lee advanced to second.,39,2026-02-14 10:00:00-05:00,"The Diamond (Richmond, VA)",0,MBA,2026
6542138,614620,Holy Cross Crusaders,614804,VCU Rams,614804,3,bot,Q. Maher stole second; J. Lee stole third.,40,2026-02-14 10:00:00-05:00,"The Diamond (Richmond, VA)",0,MBA,2026
6542138,614620,Holy Cross Crusaders,614804,VCU Rams,614804,3,bot,D. DeFranco walked.,41,2026-02-14 10:00:00-05:00,"The Diamond (Richmond, VA)",0,MBA,2026
6542138,614620,Holy Cross Crusaders,614804,VCU Rams,614804,3,bot,Kirkpatrick flied out to cf.,42,2026-02-14 10:00:00-05:00,"The Diamond (Richmond, VA)",0,MBA,2026
6542138,614620,Holy Cross Crusaders,614804,VCU Rams,614620,4,top,N. Frers to p for H. Gotschall.,43,2026-02-14 10:00:00-05:00,"The Diamond (Richmond, VA)",0,MBA,2026
6542138,614620,Holy Cross Crusaders,614804,VCU Rams,614620,4,top,G. Royer struck out looking.,44,2026-02-14 10:00:00-05:00,"The Diamond (Richmond, VA)",0,MBA,2026
6542138,614620,Holy Cross Crusaders,614804,VCU Rams,614620,4,top,J. LaFleur struck out swinging.,45,2026-02-14 10:00:00-05:00,"The Diamond (Richmond, VA)",0,MBA,2026
6542138,614620,Holy Cross Crusaders,614804,VCU Rams,614620,4,top,A. Sandell struck out looking.,46,2026-02-14 10:00:00-05:00,"The Diamond (Richmond, VA)",0,MBA,2026
6542138,614620,Holy Cross Crusaders,614804,VCU Rams,614804,4,bot,J. Reyes to p for B. Mulligan.,47,2026-02-14 10:00:00-05:00,"The Diamond (Richmond, VA)",0,MBA,2026
6542138,614620,Holy Cross Crusaders,614804,VCU Rams,614804,4,bot,T. Adelman walked.,48,2026-02-14 10:00:00-05:00,"The Diamond (Richmond, VA)",0,MBA,2026
6542138,614620,Holy Cross Crusaders,614804,VCU Rams,614804,4,bot,B. Horne struck out looking.,49,2026-02-14 10:00:00-05:00,"The Diamond (Richmond, VA)",0,MBA,2026
6542138,614620,Holy Cross Crusaders,614804,VCU Rams,614804,4,bot,A. Warden singled to third base; T. Adelman advanced to second.,50,2026-02-14 10:00:00-05:00,"The Diamond (Richmond, VA)",0,MBA,2026
6542138,614620,Holy Cross Crusaders,614804,VCU Rams,614804,4,bot,M. Petite reached on a fielder's choice; A. Warden out at second ss to 2b; T. Adelman advanced to third.,51,2026-02-14 10:00:00-05:00,"The Diamond (Richmond, VA)",0,MBA,2026
6542138,614620,Holy Cross Crusaders,614804,VCU Rams,614804,4,bot,N. Flores flied out to rf.,52,2026-02-14 10:00:00-05:00,"The Diamond (Richmond, VA)",0,MBA,2026
6542138,614620,Holy Cross Crusaders,614804,VCU Rams,614620,5,top,C. Dolah grounded out to 2b.,53,2026-02-14 10:00:00-05:00,"The Diamond (Richmond, VA)",0,MBA,2026
6542138,614620,Holy Cross Crusaders,614804,VCU Rams,614620,5,top,N. Spaner struck out looking.,54,2026-02-14 10:00:00-05:00,"The Diamond (Richmond, VA)",0,MBA,2026
6542138,614620,Holy Cross Crusaders,614804,VCU Rams,614620,5,top,V. Coughlin flied out to cf.,55,2026-02-14 10:00:00-05:00,"The Diamond (Richmond, VA)",0,MBA,2026
6542138,614620,Holy Cross Crusaders,614804,VCU Rams,614804,5,bot,J. Lee lined out to lf.,56,2026-02-14 10:00:00-05:00,"The Diamond (Richmond, VA)",0,MBA,2026
6542138,614620,Holy Cross Crusaders,614804,VCU Rams,614804,5,bot,Q. Maher singled to shortstop.,57,2026-02-14 10:00:00-05:00,"The Diamond (Richmond, VA)",0,MBA,2026
6542138,614620,Holy Cross Crusaders,614804,VCU Rams,614804,5,bot,"D. DeFranco doubled down the lf line, RBI; Q. Maher scored.",58,2026-02-14 10:00:00-05:00,"The Diamond (Richmond, VA)",0,MBA,2026
6542138,614620,Holy Cross Crusaders,614804,VCU Rams,614804,5,bot,"Kirkpatrick doubled to left field, RBI; D. DeFranco scored.",59,2026-02-14 10:00:00-05:00,"The Diamond (Richmond, VA)",0,MBA,2026
6542138,614620,Holy Cross Crusaders,614804,VCU Rams,614804,5,bot,T. Adelman grounded out to ss; Kirkpatrick advanced to third.,60,2026-02-14 10:00:00-05:00,"The Diamond (Richmond, VA)",0,MBA,2026
6542138,614620,Holy Cross Crusaders,614804,VCU Rams,614804,5,bot,B. Horne lined out to ss.,61,2026-02-14 10:00:00-05:00,"The Diamond (Richmond, VA)",0,MBA,2026
6542138,614620,Holy Cross Crusaders,614804,VCU Rams,614620,6,top,D. Newman to p for N. Frers.,62,2026-02-14 10:00:00-05:00,"The Diamond (Richmond, VA)",0,MBA,2026
6542138,614620,Holy Cross Crusaders,614804,VCU Rams,614620,6,top,S. Landry flied out to rf.,63,2026-02-14 10:00:00-05:00,"The Diamond (Richmond, VA)",0,MBA,2026
6542138,614620,Holy Cross Crusaders,614804,VCU Rams,614620,6,top,C. Egrie walked.,64,2026-02-14 10:00:00-05:00,"The Diamond (Richmond, VA)",0,MBA,2026
6542138,614620,Holy Cross Crusaders,614804,VCU Rams,614620,6,top,C. Egrie stole second.,65,2026-02-14 10:00:00-05:00,"The Diamond (Richmond, VA)",0,MBA,2026
6542138,614620,Holy Cross Crusaders,614804,VCU Rams,614620,6,top,B. Connors singled to right field; C. Egrie advanced to third.,66,2026-02-14 10:00:00-05:00,"The Diamond (Richmond, VA)",0,MBA,2026
6542138,614620,Holy Cross Crusaders,614804,VCU Rams,614620,6,top,G. Royer lined out to rf.,67,2026-02-14 10:00:00-05:00,"The Diamond (Richmond, VA)",0,MBA,2026
6542138,614620,Holy Cross Crusaders,614804,VCU Rams,614620,6,top,J. LaFleur grounded out to 1b unassisted.,68,2026-02-14 10:00:00-05:00,"The Diamond (Richmond, VA)",0,MBA,2026
6542138,614620,Holy Cross Crusaders,614804,VCU Rams,614804,6,bot,A. Gilbert to p for J. Reyes.,69,2026-02-14 10:00:00-05:00,"The Diamond (Richmond, VA)",0,MBA,2026
6542138,614620,Holy Cross Crusaders,614804,VCU Rams,614804,6,bot,A. Warden flied out to cf.,70,2026-02-14 10:00:00-05:00,"The Diamond (Richmond, VA)",0,MBA,2026
6542138,614620,Holy Cross Crusaders,614804,VCU Rams,614804,6,bot,B. Leyboldt pinch hit for M. Petite.,71,2026-02-14 10:00:00-05:00,"The Diamond (Richmond, VA)",0,MBA,2026
6542138,614620,Holy Cross Crusaders,614804,VCU Rams,614804,6,bot,B. Leyboldt struck out swinging.,72,2026-02-14 10:00:00-05:00,"The Diamond (Richmond, VA)",0,MBA,2026
6542138,614620,Holy Cross Crusaders,614804,VCU Rams,614804,6,bot,C. Tousa pinch hit for N. Flores.,73,2026-02-14 10:00:00-05:00,"The Diamond (Richmond, VA)",0,MBA,2026
6542138,614620,Holy Cross Crusaders,614804,VCU Rams,614804,6,bot,C. Tousa flied out to cf.,74,2026-02-14 10:00:00-05:00,"The Diamond (Richmond, VA)",0,MBA,2026
6542138,614620,Holy Cross Crusaders,614804,VCU Rams,614620,7,top,B. Leyboldt to cf.,75,2026-02-14 10:00:00-05:00,"The Diamond (Richmond, VA)",0,MBA,2026
6542138,614620,Holy Cross Crusaders,614804,VCU Rams,614620,7,top,C. Tousa to 2b.,76,2026-02-14 10:00:00-05:00,"The Diamond (Richmond, VA)",0,MBA,2026
6542138,614620,Holy Cross Crusaders,614804,VCU Rams,614620,7,top,E. Acevedo to lf for B. Horne.,77,2026-02-14 10:00:00-05:00,"The Diamond (Richmond, VA)",0,MBA,2026
6542138,614620,Holy Cross Crusaders,614804,VCU Rams,614620,7,top,A. Sandell struck out swinging.,78,2026-02-14 10:00:00-05:00,"The Diamond (Richmond, VA)",0,MBA,2026
6542138,614620,Holy Cross Crusaders,614804,VCU Rams,614620,7,top,C. Dolah struck out looking.,79,2026-02-14 10:00:00-05:00,"The Diamond (Richmond, VA)",0,MBA,2026
6542138,614620,Holy Cross Crusaders,614804,VCU Rams,614620,7,top,N. Spaner singled up the middle.,80,2026-02-14 10:00:00-05:00,"The Diamond (Richmond, VA)",0,MBA,2026
6542138,614620,Holy Cross Crusaders,614804,VCU Rams,614620,7,top,"V. Coughlin doubled to left field, RBI; N. Spaner scored.",81,2026-02-14 10:00:00-05:00,"The Diamond (Richmond, VA)",0,MBA,2026
6542138,614620,Holy Cross Crusaders,614804,VCU Rams,614620,7,top,S. Landry struck out swinging.,82,2026-02-14 10:00:00-05:00,"The Diamond (Richmond, VA)",0,MBA,2026
